{
  "credit": "Made with Blockbench",
  "parent": "builtin/entity",
  "texture_size": [
    256,
    256
  ],
  "display": {
    "thirdperson_righthand": {
      "rotation": [
        -164.22,
        21.37,
        164.36
      ],
      "translation": [
        -2.75,
        -0.25,
        2.75
      ],
      "scale": [
        0.09687499999999982,
        0.09687499999999982,
        0.09687499999999982
      ]
    },
    "thirdperson_lefthand": {
      "rotation": [
        -164.22,
        21.37,
        164.36
      ],
      "translation": [
        -2.75,
        -0.25,
        2.75
      ],
      "scale": [
        0.096875,
        0.096875,
        0.096875
      ]
    },
    "firstperson_righthand": {
      "rotation": [
        -180,
        32.25,
        -180
      ],
      "translation": [
        -0.25,
        3,
        -0.25
      ],
      "scale": [
        0.185546875,
        0.185546875,
        0.185546875
      ]
    },
    "firstperson_lefthand": {
      "rotation": [
        -180,
        32.25,
        -180
      ],
      "translation": [
        -0.25,
        3,
        -0.25
      ],
      "scale": [
        0.185546875,
        0.185546875,
        0.185546875
      ]
    },
    "ground": {
      "translation": [
        0,
        2,
        0
      ],
      "scale": [
        0.083984375,
        0.083984375,
        0.083984375
      ]
    },
    "gui": {
      "rotation": [
        179.47,
        36,
        -179.97
      ],
      "translation": [
        -0.75,
        -1.25,
        0
      ],
      "scale": [
        0.134765625,
        0.134765625,
        0.134765625
      ]
    },
    "head": {
      "translation": [
        0,
        3.5,
        -8
      ],
      "scale": [
        0.40625,
        0.40625,
        0.40625
      ]
    },
    "fixed": {
      "rotation": [
        0,
        -0.25,
        0
      ],
      "translation": [
        0,
        -1.25,
        0
      ],
      "scale": [
        0.134765625,
        0.134765625,
        0.134765625
      ]
    }
  }
}