{
    "parent": "builtin/entity",
    "texture_size": [
      128,
      128
    ],
    "display": {
      "thirdperson_righthand": {
        "rotation": [
          -158.76,
          1.42,
          169.78
        ],
        "translation": [
          0,
          0.25,
          0.75
        ],
        "scale": [
          0.119140625,
          0.119140625,
          0.119140625
        ]
      },
      "thirdperson_lefthand": {
        "rotation": [
          -158.76,
          1.42,
          169.78
        ],
        "translation": [
          0,
          0.25,
          0.75
        ],
        "scale": [
          0.119140625,
          0.119140625,
          0.119140625
        ]
      },
      "firstperson_righthand": {
        "rotation": [
          -180,
          49.75,
          -180
        ],
        "translation": [
          -2,
          0.75,
          1.5
        ],
        "scale": [
          0.201171875,
          0.201171875,
          0.201171875
        ]
      },
      "firstperson_lefthand": {
        "rotation": [
          -180,
          49.75,
          -180
        ],
        "translation": [
          -2,
          0.75,
          1.5
        ],
        "scale": [
          0.201171875,
          0.201171875,
          0.201171875
        ]
      },
      "ground": {
        "scale": [
          0.193359375,
          0.193359375,
          0.193359375
        ]
      },
      "gui": {
        "rotation": [
          -180,
          0,
          -180
        ],
        "translation": [
          0,
          -3.75,
          0
        ],
        "scale": [
          0.29296875,
          0.29296875,
          0.29296875
        ]
      },
      "head": {
        "translation": [
          0,
          -6.5,
          -9
        ],
        "scale": [
          0.583984375,
          0.583984375,
          0.583984375
        ]
      },
      "fixed": {
        "translation": [
          0,
          -3,
          0
        ],
        "scale": [
          0.2265625,
          0.2265625,
          0.2265625
        ]
      }
    }
  }
